added,name,type,link,description,notes
7/16/2025,Academic Positions,Academic,https://www.academicpositions.com,Search for jobs from the world's top universities and research institutions and learn everything you need to succeed in your academic career.,
7/16/2025,All Hands,Tech,https://www.all-hands.us/?utm_source=Contest+Liz+Muehlmann,"The U.S. social impact space has a talent gap. We've got no shortage of critical work to tackle. But to collectively meet the moment, we need a strong, sector-wide pipeline of talented U.S.-based candidates ready to rise to the occasion.","This one includes my referral, I don't think I get anything."
7/16/2025,All Hands,Tech,https://www.jobs.all-hands.us/jobs,"The U.S. social impact space has a talent gap. We've got no shortage of critical work to tackle. But to collectively meet the moment, we need a strong, sector-wide pipeline of talented U.S.-based candidates ready to rise to the occasion.",
7/16/2025,All Tech is Human,Tech,https://www.alltechishuman.substack.com/s/responsible-tech-careers,"Together, we work to solve tech and society's thorniest issues. Our activities build community, leverage collective intelligence, and diversifies the Responsible Tech pipeline.",
7/19/2025,Amanda Ponzar (LinkedIn),Job Fairy,https://www.linkedin.com/in/amandaponzar/,"Communications & Marketing Executive, Highly Networked Social Impact Leader",Communications + Digital Strategy roles
7/19/2025,APSA,Academic,https://www.apsanet.org/careers/ejobs/,"APSA eJobs is the most comprehensive database of jobs related to political science, accessible to members. ",
7/19/2025,Arena,Campaigns,https://www.arena.run/,"We recruit and train campaign staff, deploy them to game-changing campaigns, and support both staff and candidates on the path to victory.",
7/30/2025,Built In,Tech,https://www.builtin.com/,"Built In is the online community for startups and tech companies. Find startup jobs, tech news and events.",
7/19/2025,Cal Careers,Government,https://www.calcareers.ca.gov/,"Find out how to apply for a state job with the State of California, which offers a wide variety of careers and generous benefits. Learn about the steps, assessments, and notifications for getting a state job.",
7/19/2025,Climate & Social Impact Job Fairies,Job Fairy,https://www.saathestudio.com/resources/climate-and-social-impact-job-resources,"What's a job fairy? Someone who regularly shares jobs + resources for climate and social impact careers! The people on this list share incredible opportunities for anyone looking for a full-time job, fellowship, internship, or consulting role in climate and social impact.",A list of people who share climate change and social impact jobs on LinkedIn
7/19/2025,Climate Vine,"Government, Non-Profit/NGO, Tech",https://www.saathestudio.com/resources/climate-and-social-impact-job-resources,"Climate Vine connects climate professionals to help them collaborate and accelerate their impact, together.",
7/16/2025,Council of Non-Profits,Non-Profit/NGO,https://www.councilofnonprofits.org,"The National Council of Nonprofits is the largest network of nonprofits in North America. We champion, inform, and connect organizations across the country to score big wins for nonprofits and the communities they serve.",
7/19/2025,Cynopsis,Media,https://www.cynopsis.com/,"Are you looking for a Media job within the TV, Digital, or Sports industries? Search our job listings below.",
7/16/2025,Data & Donuts,Tech,https://www.datadonuts.la/,Data + Donuts is a morning speaker series and networking event that brings together the makers and doers that are changing local government from the ground up by harnessing technology and data to drive meaningful change.,Los Angeles based jobs & opportunities
7/19/2025,Democracy Fund,"Campaigns, Government, Non-Profit/NGO",https://www.network-jobs.democracyfund.org/companies,"Democracy Fund is a foundation working to build an inclusive, multiracial democracy that is open, just, resilient, and trustworthy. ",
7/19/2025,Democratic Congressional Campaign Committee,Campaigns,https://www.dccc.org/jobs/,"DCCC strives to create an inclusive environment that cultivates and supports diversity at every organizational level, including its staff, candidates, and contractors.",
7/19/2025,Democratic Legislative Campaigns,Campaigns,https://www.dlcc.org/careers/,"Join the DLCC and become a part of the team that will take back our state legislatures and  by winning crucial redistricting fights, remake the U.S. Congress to re-enfranchise millions of voters and end GOP abuse of the democratic process.",
7/19/2025,Democratic Senate,Campaigns,https://www.dscc.org/about-us/jobs/,Are you interested in helping elect more Democrats to the U.S. Senate? Come work at the DSCC!,
7/19/2025,Democrats,Campaigns,https://www.democrats.org/who-we-are/state-parties/jobs/,The Democratic National Committee is committed to electing Democrats everywhere from the school board to the Oval Office. We're mobilizing voters across the country.,
7/16/2025,Dino DNA,Aggregator,https://www.dinodna.org,"Sign up here for jobs, trainings, events, and all the fun of the progressive talent community",
7/19/2025,Ethical Tech Jobs,"Aggregator, Campaigns, Tech",https://www.Ethical Tech Job Resources,"Positive change happens from the  inside. No matter where you are in your career journey, we have ways to help you find a role where you can affect meaningful change and reimagine a better tech future.",
7/16/2025,Future Community,Job Fairy,https://www.brightplus3.com/future-community-jobs/ ,"Future Community Jobs shares good roles in nonprofit communications and tech, content, journalism, fundraising and more.",
7/19/2025,Gain Power,"Campaigns, Non-Profit/NGO",https://www.gainpower.org/,"Discover impactful job opportunities, explore progressive employers, and access essential career resources tailored for the movement.",
7/16/2025,Gender Jobs,"Academic, Campaigns, Government, Media, Non-Profit/NGO, Tech",https://www.genderjobs.org/jobs,"GenderJobs.org is a platform with a comprehensive list of job opportunities to work on gender equality and LGBTQI+ rights, curated by gender professionals and intersectional feminists who intimately know the sector and are extremely passionate about supporting other gender professionals and anyone who is aspiring to become one!",
7/16/2025,Generalist Careers,"Campaigns, Government, Media, Non-Profit/NGO, Tech",https://www.generalistcareer.com/p/opportunities-for-generalists-c0cb,Opportunities for generalists,
7/16/2025,Government Works,Job Fairy,https://www.linkedin.com/company/gov-works,A newsletter about how government works.,
8/4/2025,Grab Jobs,"Campaigns, Industry/Other, Non-Profit/NGO, Tech",https://www.grabjobs.co/us,"GrabJobs is designed with your problems in mind, offering solutions that not only empower you but also make the experience more relaxing",
7/16/2025,H-Net,Academic,https://www.networks.h-net.org/jobs/browse,H-Net: Humanities & Social Sciences Online is dedicated to developing the enormous educational potential of the Internet and the World Wide Web.,
8/5/2025,Himalayas,Tech,https://www.himalayas.app/jobs,Discover the best remote and work from home jobs at top remote companies.,
7/30/2025,Hiring Cafe,Aggregator,https://www.hiring.cafe,Our quest to destroy Indeed by building a 10x better job search engine.,
7/16/2025,Idealist,Aggregator,https://www.idealist.org,"Since 1995, Idealist has been connecting good people with opportunities to do good. That's still our mission, but together there's so much more we can do.",
7/16/2025,Inside Higher Ed,Academic,https://www.careers.insidehighered.com/,"Inside Higher Ed provides the latest news, analysis and solutions for the entire higher education community.",
7/19/2025,Inside the Newsroom,Media,https://www.insidethenewsroom.substack.com/?ref=brightplus3.com,"Inside The Newsroom is home to the largest journalism jobs board, freelance board, calendar and media salaries database in the world.",
7/19/2025,Jessica Marati Radarvar,Job Fairy,https://www.linkedin.com/in/jessicamradparvar/,"Through my company Reconsidered, I build community, create content, teach courses and consult on sustainable business strategy and communications for leading brands and organizations  all toward a vision of a more thriving, just and resilient world.",Corporate Social Responsibility roles
7/19/2025,Journalism Jobs,Media,https://www.rebeccaaguilar.wordpress.com/category/journalism-jobs/?ref=brightplus3.com,#CallingAllJournalists Initiative | Reporter | Media Watchdog | Mentor | Latinas in Journalism,
7/19/2025,Journalism Jobs & a photo of my dog,"Media, Non-Profit/NGO, Tech",https://www.journojobs.substack.com/?ref=brightplus3.com,A newsletter for journalists who want to keep tabs on the industry and job market.,
7/16/2025,Los Angeles 2050,"Campaigns, Government, Non-Profit/NGO, Tech",https://www.la2050.org/jobs,"The LA2050 Jobs Board features open positions at nonprofit organizations, government agencies, and other social impact organizations in Los Angeles.",Los Angeles based jobs & opportunities
7/19/2025,Mandy Van Deven,Job Fairy,https://www.linkedin.com/in/mandyvandeven/,Mandy's practice is grounded in authentic relationships and strengthening ecosystems that create an enabling environment for systems transformation.,Development + Philanthropy roles
7/19/2025,Matt Lockshin,"Campaigns, Government, Media, Non-Profit/NGO, Tech",https://www.mattlockshin.com/job-board?ref=brightplus3.com,Find openings for digital roles in the progressive movement.,
7/19/2025,My Climate Journey,"Government, Non-Profit/NGO, Tech",https://www.mcj.vc/join,"Our members are tech and industry leaders who are building, working for, or advising on solutions to address the inevitable impacts of climate change. ",Climate change related
7/16/2025,National Women's Studies Association,Academic,https://www.nwsa.org/member-resources/job-board,"We partnered with WebScribble to expand and improve our reach when it comes to supporting the utility of feminist activism, education, and scholarship in the world of work. ",
7/16/2025,Never Search Alone,Job Fairy,https://www.phyl.org,Volunteer-led movement with a suite of free services for job seekers,
7/19/2025,Non-profit Hive,Non-Profit/NGO,https://www.thenonprofithive.com/?ref=brightplus3.com,"Find Connection, Support and Resources in The Nonprofit Hive.",
7/19/2025,Non-Profit Job Fairies,"Job Fairy, Non-Profit/NGO",https://www.linkedin.com/feed/update/urn:li:activity:7336755355781091328/,Here are 40 PEOPLE TO FOLLOW this summer who post regular job updates and career resources on LinkedIn.,A long list of people that post about jobs on LinkedIn in a bunch of areas
8/5/2025,Organization of American Historians,Academic,https://www.careers.oah.org/,"The Organization of American Historians is the largest professional society dedicated to United States history, guided by the principles of advocacy, professional integrity, and the advancement of scholarship.",
7/16/2025,Philanthropy News Digest,Non-Profit/NGO,https://www.philanthropynewsdigest.org/jobs,Non-profit job opportunities,
7/16/2025,Philosophy Jobs,Academic,https://www.philjobs.org/,Jobs for philosophers.,
8/4/2025,Political Job Hunt,Government,https://www.politicaljobhunt.com/,Build a Career in Politics and Make a Difference.,
8/4/2025,Progressive Data Jobs,"Non-Profit/NGO, Tech",https://www.progressivedatajobs.org/,"Progressive Data Jobs supports job-seekers in finding data, analytics, and tech jobs across the progressive and Democratic space.",
7/19/2025,Progressive Job Resources,Job Fairy,https://www.Progressive Job Resources,"There are a lot of these, and I can't really recommend one link over another. There end up being plenty of repeat postings among them, but there's enough variation that you just never know. Be sure to try all these linksunless a resource is explicitly narrow in focus, it's likely to have a diverse array of postings.",
7/16/2025,Protect Democracy,Non-Profit/NGO,https://www.protectdemocracy.org/jobs,"Protect Democracy is a cross-ideological non-profit group dedicated to defeating the authoritarian threat, building more resilient democratic institutions, and protecting our freedom and liberal democracy for future generations.",
7/19/2025,PS 134 Social Opportunity Jobs,Job Fairy,https://www.docs.google.com/spreadsheets/d/1iamdoXlw1LywXLkD1uW-vc-gLRrbfDJo8kL9Rkd1I1A/edit?ref=brightplus3.com&gid=0#gid=0,"Matchmaking agency for social change, social sector opportunities",
7/19/2025,Public Solutions Jobs,"Academic, Campaigns, Government, Media, Non-Profit/NGO, Tech",https://www.publicsolutionsjobs.org/?ref=brightplus3.com,"This website is a curated list of research, civic tech, data analytics, and policy positions at universities, nonprofits, and state and local governments. ",
7/19/2025,Radhika Bhatt,Job Fairy,https://www.linkedin.com/in/radhika-bhatt/,"Radhika Bhatt is a climate career coach, recruiter, and community builder with a career in technology, design, and social impact. ",Climate roles
7/19/2025,Renan Araujo,Job Fairy,https://www.linkedin.com/in/araujonrenan/,Navigating transformative AI will be incredibly challenging we need the best people cooperating to tackle it.,AI Policy Roles
8/4/2025,Research!America,Academic,https://www.researchamerica.org/careers/,Research!America is the nation's largest not-for-profit public education and advocacy alliance working to make research to improve health a higher national priority.,
7/19/2025,So you want to work in climate,Job Fairy,https://www.nicolekelner.notion.site/So-You-Want-to-Work-in-Climate-1e5f92ed0a978091960fc1645d09d469,This is a crowdsourced collection of 750+ resources for people who want to work in climate.,"A list of job boards, volunteering, etc all climate based."
7/16/2025,Social Change Careers,"Academic, Government, Non-Profit/NGO, Tech",https://www.Jobs.pcdn.global,"PCDN reaches a global network with professionals in deep expertise in social impact with a wide-range of programmatic, sectoral, linguistic and technical skills.",
7/19/2025,Tech Jobs for Good,Tech,https://www.techjobsforgood.com/?ref=brightplus3.com,"On Tech Jobs for Good, you'll find organizations focused on specific care areas such as: cancer, infectious diseases, hunger, disability services, sexual health, mental health, and pregnancy and childbirth.",
7/19/2025,Technologists for the Public Good,Tech,https://www.publicgood.tech/,We power the people who are reimagining how the government serves the public.,
7/19/2025,Times Higher Education,Academic,https://www.timeshighereducation.com/unijobs/,Higher education's global job board.,You'll need to find the job description elsewhere
7/16/2025,UK Jobs,"Academic, Government, Media, Non-Profit/NGO, Tech",https://www.jobs.ac.uk,"Start your UK & international job search for academic jobs, research jobs, science jobs and managerial jobs in leading universities and top global employers.",
7/16/2025,Union Jobs,Labor Union,https://www.unionjobs.com,"Welcome to Union Jobs Clearinghouse, our central site for posting the open positions in unions and socially allied organizations and community organizations that are now accepting applications.",
7/19/2025,US House,Government,https://www.content.govdelivery.com//attachments/USCAOHOUSE/2025/07/14/file_attachments/3323577/HVAPS%20Template_Members_2025_07_14.pdf,Member and Committee Openings,
7/19/2025,Welcome to the Jungle,Tech,https://www.welcometothejungle.com/en,"Only relevant roles. Choose the right job, at the right company for you. Discover your top recommendations now.",US based jobs
7/20/2025,Welcome to the Jungle,Tech,https://www.uk.welcometothejungle.com,"Only relevant roles. Choose the right job, at the right company for you. Discover your top recommendations now.",UK based jobs
8/5/2025,Wellfound,Tech,https://www.wellfound.com//,"Here to help with all the logistics. wellfound:ai finds best fit candidates, vets for interest, and schedules your favorites on your calendar  all in a matter of days.",
7/19/2025,Women & Climate,"Government, Media, Non-Profit/NGO, Tech",https://www.womenandclimate.co/,The Women and Climate community provides a joyful and safe space for women and nonbinary professionals from around the world to learn and talk about climate. ,Climate change related
7/19/2025,Words of Mouth,Job Fairy,https://www.wordsofmouth.org/subscribe,"Words of Mouth was conceived as a hopeful, communal way to seek new opportunities, particularly for people working outside or between standard industry categories.",Newsletter with jobs
7/30/2025,Zen Search,"Non-Profit/NGO, Tech",https://www.zensearch.jobs/,"ZenSearch is a fantastic tool that cuts through the noise of other job boards. No outdated listings, no irrelevant sponsored jobs/posts just high-quality job opportunities that are tailored to what you're looking for.",
8/8/2025,Community Jobs,"Industry/Other, Non-Profit/NGO, Tech",https://www.community.inc/jobs,"A collection of current, open job roles at the intersection of community and business.",
8/8/2025,Western Museum Association,Non-Profit/NGO,https://www.westmuse.org/job_board,"WMA is committed to furthering diversity, equity, accessibility, and inclusion across the full spectrum of museum work and strongly encourages employers to consider equitable hiring practices prior to posting open positions on its job board - including salary transparency.",
8/8/2025,Impact Source,"Non-Profit/NGO, Tech",https://www.impactsource.ai/jobs,"226 organizations. 4,469 jobs. Make an impact today.",
8/8/2025,We Work Remotely,"Industry/Other, Tech",https://www.weworkremotely.com/,"For over a decade, WWR has been the #1 site for remote jobs, with 6M monthly visitors and the world's largest remote work community.",
8/8/2025,Remote OK,Tech,https://www.remoteok.com/,Find a remote job in tech.,
8/8/2025,Law Crossing,Legal/Judicial,https://www.lawcrossing.com/,"Find Legal Jobs No One Else Can. Over 100,000 Listings You Won't See on LinkedIn or Indeed.",
8/8/2025,The Job Spider,Aggregator,https://www.thejobspider.com/,The #1 completely free internet job search engine and job board in the United States and Canada.,
8/8/2025,Job Case,Aggregator,https://www.jobcase.com/about-us/,"Millions of members connect on Jobcase to seize opportunities, share advice, and navigate the work landscape together.",
8/8/2025,Jobs Radar,Aggregator,https://www.jobsradar.com/,JobsRadar continuously updates listings to provide hundreds of jobs in your area that are hiring locally.,
8/8/2025,Talent,Aggregator,https://www.talent.com/,"Search from over 40 million jobs, save the ones you love, and apply in seconds.",
8/8/2025,Raise for Good: Social Impact Jobs,"Aggregator, Non-Profit/NGO",https://www.raiseforgood.com/,"We are proud to partner with purpose-driven leaders and organizations across sectors, including companies, foundations, philanthropists, and nonprofits. ",
